"filename", "language", "CSS", "Markdown", "JSON", "JavaScript", "wxml", "TypeScript", "XML", "comment", "blank", "total"
"d:\linkworld\recorder\recorder-mp\Readme.md", "Markdown", 0, 6, 0, 0, 0, 0, 0, 0, 2, 8
"d:\linkworld\recorder\recorder-mp\app.js", "JavaScript", 0, 0, 0, 14, 0, 0, 0, 2, 2, 18
"d:\linkworld\recorder\recorder-mp\app.json", "JSON", 0, 0, 13, 0, 0, 0, 0, 0, 1, 14
"d:\linkworld\recorder\recorder-mp\app.wxss", "CSS", 9, 0, 0, 0, 0, 0, 0, 1, 1, 11
"d:\linkworld\recorder\recorder-mp\cloud\getOpenid\config.json", "JSON", 0, 0, 6, 0, 0, 0, 0, 0, 0, 6
"d:\linkworld\recorder\recorder-mp\cloud\getOpenid\index.js", "JavaScript", 0, 0, 0, 7, 0, 0, 0, 2, 0, 9
"d:\linkworld\recorder\recorder-mp\cloud\getOpenid\package.json", "JSON", 0, 0, 14, 0, 0, 0, 0, 0, 0, 14
"d:\linkworld\recorder\recorder-mp\miniprogram_npm\vant-weapp\action-sheet\index.d.ts", "TypeScript", 0, 0, 0, 0, 0, 1, 0, 0, 1, 2
"d:\linkworld\recorder\recorder-mp\miniprogram_npm\vant-weapp\action-sheet\index.js", "JavaScript", 0, 0, 0, 43, 0, 0, 0, 0, 1, 44
"d:\linkworld\recorder\recorder-mp\miniprogram_npm\vant-weapp\action-sheet\index.json", "JSON", 0, 0, 8, 0, 0, 0, 0, 0, 1, 9
"d:\linkworld\recorder\recorder-mp\miniprogram_npm\vant-weapp\action-sheet\index.wxml", "wxml", 0, 0, 0, 0, 49, 0, 0, 1, 2, 52
"d:\linkworld\recorder\recorder-mp\miniprogram_npm\vant-weapp\action-sheet\index.wxss", "CSS", 1, 0, 0, 0, 0, 0, 0, 0, 0, 1
"d:\linkworld\recorder\recorder-mp\miniprogram_npm\vant-weapp\area\index.d.ts", "TypeScript", 0, 0, 0, 0, 0, 1, 0, 0, 1, 2
"d:\linkworld\recorder\recorder-mp\miniprogram_npm\vant-weapp\area\index.js", "JavaScript", 0, 0, 0, 207, 0, 0, 0, 5, 1, 213
"d:\linkworld\recorder\recorder-mp\miniprogram_npm\vant-weapp\area\index.json", "JSON", 0, 0, 6, 0, 0, 0, 0, 0, 1, 7
"d:\linkworld\recorder\recorder-mp\miniprogram_npm\vant-weapp\area\index.wxml", "wxml", 0, 0, 0, 0, 18, 0, 0, 0, 1, 19
"d:\linkworld\recorder\recorder-mp\miniprogram_npm\vant-weapp\area\index.wxss", "CSS", 1, 0, 0, 0, 0, 0, 0, 0, 0, 1
"d:\linkworld\recorder\recorder-mp\miniprogram_npm\vant-weapp\badge-group\index.d.ts", "TypeScript", 0, 0, 0, 0, 0, 1, 0, 0, 1, 2
"d:\linkworld\recorder\recorder-mp\miniprogram_npm\vant-weapp\badge-group\index.js", "JavaScript", 0, 0, 0, 43, 0, 0, 0, 0, 1, 44
"d:\linkworld\recorder\recorder-mp\miniprogram_npm\vant-weapp\badge-group\index.json", "JSON", 0, 0, 3, 0, 0, 0, 0, 0, 1, 4
"d:\linkworld\recorder\recorder-mp\miniprogram_npm\vant-weapp\badge-group\index.wxml", "wxml", 0, 0, 0, 0, 3, 0, 0, 0, 1, 4
"d:\linkworld\recorder\recorder-mp\miniprogram_npm\vant-weapp\badge-group\index.wxss", "CSS", 1, 0, 0, 0, 0, 0, 0, 0, 0, 1
"d:\linkworld\recorder\recorder-mp\miniprogram_npm\vant-weapp\badge\index.d.ts", "TypeScript", 0, 0, 0, 0, 0, 1, 0, 0, 1, 2
"d:\linkworld\recorder\recorder-mp\miniprogram_npm\vant-weapp\badge\index.js", "JavaScript", 0, 0, 0, 30, 0, 0, 0, 0, 1, 31
"d:\linkworld\recorder\recorder-mp\miniprogram_npm\vant-weapp\badge\index.json", "JSON", 0, 0, 6, 0, 0, 0, 0, 0, 1, 7
"d:\linkworld\recorder\recorder-mp\miniprogram_npm\vant-weapp\badge\index.wxml", "wxml", 0, 0, 0, 0, 16, 0, 0, 0, 2, 18
"d:\linkworld\recorder\recorder-mp\miniprogram_npm\vant-weapp\badge\index.wxss", "CSS", 1, 0, 0, 0, 0, 0, 0, 0, 0, 1
"d:\linkworld\recorder\recorder-mp\miniprogram_npm\vant-weapp\button\index.d.ts", "TypeScript", 0, 0, 0, 0, 0, 1, 0, 0, 1, 2
"d:\linkworld\recorder\recorder-mp\miniprogram_npm\vant-weapp\button\index.js", "JavaScript", 0, 0, 0, 38, 0, 0, 0, 0, 1, 39
"d:\linkworld\recorder\recorder-mp\miniprogram_npm\vant-weapp\button\index.json", "JSON", 0, 0, 7, 0, 0, 0, 0, 0, 1, 8
"d:\linkworld\recorder\recorder-mp\miniprogram_npm\vant-weapp\button\index.wxml", "wxml", 0, 0, 0, 0, 50, 0, 0, 0, 2, 52
"d:\linkworld\recorder\recorder-mp\miniprogram_npm\vant-weapp\button\index.wxss", "CSS", 1, 0, 0, 0, 0, 0, 0, 0, 0, 1
"d:\linkworld\recorder\recorder-mp\miniprogram_npm\vant-weapp\card\index.d.ts", "TypeScript", 0, 0, 0, 0, 0, 1, 0, 0, 1, 2
"d:\linkworld\recorder\recorder-mp\miniprogram_npm\vant-weapp\card\index.js", "JavaScript", 0, 0, 0, 38, 0, 0, 0, 0, 1, 39
"d:\linkworld\recorder\recorder-mp\miniprogram_npm\vant-weapp\card\index.json", "JSON", 0, 0, 6, 0, 0, 0, 0, 0, 1, 7
"d:\linkworld\recorder\recorder-mp\miniprogram_npm\vant-weapp\card\index.wxml", "wxml", 0, 0, 0, 0, 39, 0, 0, 0, 7, 46
"d:\linkworld\recorder\recorder-mp\miniprogram_npm\vant-weapp\card\index.wxss", "CSS", 1, 0, 0, 0, 0, 0, 0, 0, 0, 1
"d:\linkworld\recorder\recorder-mp\miniprogram_npm\vant-weapp\cell-group\index.d.ts", "TypeScript", 0, 0, 0, 0, 0, 1, 0, 0, 1, 2
"d:\linkworld\recorder\recorder-mp\miniprogram_npm\vant-weapp\cell-group\index.js", "JavaScript", 0, 0, 0, 10, 0, 0, 0, 0, 1, 11
"d:\linkworld\recorder\recorder-mp\miniprogram_npm\vant-weapp\cell-group\index.json", "JSON", 0, 0, 3, 0, 0, 0, 0, 0, 0, 3
"d:\linkworld\recorder\recorder-mp\miniprogram_npm\vant-weapp\cell-group\index.wxml", "wxml", 0, 0, 0, 0, 9, 0, 0, 0, 1, 10
"d:\linkworld\recorder\recorder-mp\miniprogram_npm\vant-weapp\cell-group\index.wxss", "CSS", 1, 0, 0, 0, 0, 0, 0, 0, 0, 1
"d:\linkworld\recorder\recorder-mp\miniprogram_npm\vant-weapp\cell\index.d.ts", "TypeScript", 0, 0, 0, 0, 0, 1, 0, 0, 1, 2
"d:\linkworld\recorder\recorder-mp\miniprogram_npm\vant-weapp\cell\index.js", "JavaScript", 0, 0, 0, 37, 0, 0, 0, 0, 1, 38
"d:\linkworld\recorder\recorder-mp\miniprogram_npm\vant-weapp\cell\index.json", "JSON", 0, 0, 6, 0, 0, 0, 0, 0, 0, 6
"d:\linkworld\recorder\recorder-mp\miniprogram_npm\vant-weapp\cell\index.wxml", "wxml", 0, 0, 0, 0, 39, 0, 0, 0, 7, 46
"d:\linkworld\recorder\recorder-mp\miniprogram_npm\vant-weapp\cell\index.wxss", "CSS", 1, 0, 0, 0, 0, 0, 0, 0, 0, 1
"d:\linkworld\recorder\recorder-mp\miniprogram_npm\vant-weapp\checkbox-group\index.d.ts", "TypeScript", 0, 0, 0, 0, 0, 1, 0, 0, 1, 2
"d:\linkworld\recorder\recorder-mp\miniprogram_npm\vant-weapp\checkbox-group\index.js", "JavaScript", 0, 0, 0, 39, 0, 0, 0, 0, 1, 40
"d:\linkworld\recorder\recorder-mp\miniprogram_npm\vant-weapp\checkbox-group\index.json", "JSON", 0, 0, 3, 0, 0, 0, 0, 0, 1, 4
"d:\linkworld\recorder\recorder-mp\miniprogram_npm\vant-weapp\checkbox-group\index.wxml", "wxml", 0, 0, 0, 0, 1, 0, 0, 0, 1, 2
"d:\linkworld\recorder\recorder-mp\miniprogram_npm\vant-weapp\checkbox-group\index.wxss", "CSS", 1, 0, 0, 0, 0, 0, 0, 0, 0, 1
"d:\linkworld\recorder\recorder-mp\miniprogram_npm\vant-weapp\checkbox\index.d.ts", "TypeScript", 0, 0, 0, 0, 0, 1, 0, 0, 1, 2
"d:\linkworld\recorder\recorder-mp\miniprogram_npm\vant-weapp\checkbox\index.js", "JavaScript", 0, 0, 0, 74, 0, 0, 0, 0, 1, 75
"d:\linkworld\recorder\recorder-mp\miniprogram_npm\vant-weapp\checkbox\index.json", "JSON", 0, 0, 6, 0, 0, 0, 0, 0, 1, 7
"d:\linkworld\recorder\recorder-mp\miniprogram_npm\vant-weapp\checkbox\index.wxml", "wxml", 0, 0, 0, 0, 17, 0, 0, 0, 2, 19
"d:\linkworld\recorder\recorder-mp\miniprogram_npm\vant-weapp\checkbox\index.wxss", "CSS", 1, 0, 0, 0, 0, 0, 0, 0, 0, 1
"d:\linkworld\recorder\recorder-mp\miniprogram_npm\vant-weapp\col\index.d.ts", "TypeScript", 0, 0, 0, 0, 0, 1, 0, 0, 1, 2
"d:\linkworld\recorder\recorder-mp\miniprogram_npm\vant-weapp\col\index.js", "JavaScript", 0, 0, 0, 23, 0, 0, 0, 0, 1, 24
"d:\linkworld\recorder\recorder-mp\miniprogram_npm\vant-weapp\col\index.json", "JSON", 0, 0, 3, 0, 0, 0, 0, 0, 1, 4
"d:\linkworld\recorder\recorder-mp\miniprogram_npm\vant-weapp\col\index.wxml", "wxml", 0, 0, 0, 0, 7, 0, 0, 0, 2, 9
"d:\linkworld\recorder\recorder-mp\miniprogram_npm\vant-weapp\col\index.wxss", "CSS", 1, 0, 0, 0, 0, 0, 0, 0, 0, 1
"d:\linkworld\recorder\recorder-mp\miniprogram_npm\vant-weapp\collapse-item\index.d.ts", "TypeScript", 0, 0, 0, 0, 0, 1, 0, 0, 1, 2
"d:\linkworld\recorder\recorder-mp\miniprogram_npm\vant-weapp\collapse-item\index.js", "JavaScript", 0, 0, 0, 96, 0, 0, 0, 0, 1, 97
"d:\linkworld\recorder\recorder-mp\miniprogram_npm\vant-weapp\collapse-item\index.json", "JSON", 0, 0, 6, 0, 0, 0, 0, 0, 1, 7
"d:\linkworld\recorder\recorder-mp\miniprogram_npm\vant-weapp\collapse-item\index.wxml", "wxml", 0, 0, 0, 0, 43, 0, 0, 0, 2, 45
"d:\linkworld\recorder\recorder-mp\miniprogram_npm\vant-weapp\collapse-item\index.wxss", "CSS", 1, 0, 0, 0, 0, 0, 0, 0, 0, 1
"d:\linkworld\recorder\recorder-mp\miniprogram_npm\vant-weapp\collapse\index.d.ts", "TypeScript", 0, 0, 0, 0, 0, 1, 0, 0, 1, 2
"d:\linkworld\recorder\recorder-mp\miniprogram_npm\vant-weapp\collapse\index.js", "JavaScript", 0, 0, 0, 50, 0, 0, 0, 0, 1, 51
"d:\linkworld\recorder\recorder-mp\miniprogram_npm\vant-weapp\collapse\index.json", "JSON", 0, 0, 3, 0, 0, 0, 0, 0, 1, 4
"d:\linkworld\recorder\recorder-mp\miniprogram_npm\vant-weapp\collapse\index.wxml", "wxml", 0, 0, 0, 0, 3, 0, 0, 0, 1, 4
"d:\linkworld\recorder\recorder-mp\miniprogram_npm\vant-weapp\collapse\index.wxss", "CSS", 1, 0, 0, 0, 0, 0, 0, 0, 0, 1
"d:\linkworld\recorder\recorder-mp\miniprogram_npm\vant-weapp\common\color.d.ts", "TypeScript", 0, 0, 0, 0, 0, 4, 0, 0, 1, 5
"d:\linkworld\recorder\recorder-mp\miniprogram_npm\vant-weapp\common\color.js", "JavaScript", 0, 0, 0, 4, 0, 0, 0, 0, 1, 5
"d:\linkworld\recorder\recorder-mp\miniprogram_npm\vant-weapp\common\component.d.ts", "TypeScript", 0, 0, 0, 0, 0, 3, 0, 0, 1, 4
"d:\linkworld\recorder\recorder-mp\miniprogram_npm\vant-weapp\common\component.js", "JavaScript", 0, 0, 0, 44, 0, 0, 0, 4, 1, 49
"d:\linkworld\recorder\recorder-mp\miniprogram_npm\vant-weapp\common\index.wxss", "CSS", 1, 0, 0, 0, 0, 0, 0, 0, 0, 1
"d:\linkworld\recorder\recorder-mp\miniprogram_npm\vant-weapp\common\style\clearfix.wxss", "CSS", 1, 0, 0, 0, 0, 0, 0, 0, 0, 1
"d:\linkworld\recorder\recorder-mp\miniprogram_npm\vant-weapp\common\style\ellipsis.wxss", "CSS", 1, 0, 0, 0, 0, 0, 0, 0, 0, 1
"d:\linkworld\recorder\recorder-mp\miniprogram_npm\vant-weapp\common\style\hairline.wxss", "CSS", 1, 0, 0, 0, 0, 0, 0, 0, 0, 1
"d:\linkworld\recorder\recorder-mp\miniprogram_npm\vant-weapp\common\style\mixins\clearfix.wxss", "CSS", 0, 0, 0, 0, 0, 0, 0, 0, 1, 1
"d:\linkworld\recorder\recorder-mp\miniprogram_npm\vant-weapp\common\style\mixins\ellipsis.wxss", "CSS", 0, 0, 0, 0, 0, 0, 0, 0, 1, 1
"d:\linkworld\recorder\recorder-mp\miniprogram_npm\vant-weapp\common\style\mixins\hairline.wxss", "CSS", 0, 0, 0, 0, 0, 0, 0, 0, 1, 1
"d:\linkworld\recorder\recorder-mp\miniprogram_npm\vant-weapp\common\style\var.wxss", "CSS", 0, 0, 0, 0, 0, 0, 0, 0, 1, 1
"d:\linkworld\recorder\recorder-mp\miniprogram_npm\vant-weapp\common\utils.d.ts", "TypeScript", 0, 0, 0, 0, 0, 6, 0, 1, 1, 8
"d:\linkworld\recorder\recorder-mp\miniprogram_npm\vant-weapp\common\utils.js", "JavaScript", 0, 0, 0, 25, 0, 0, 0, 0, 1, 26
"d:\linkworld\recorder\recorder-mp\miniprogram_npm\vant-weapp\datetime-picker\index.d.ts", "TypeScript", 0, 0, 0, 0, 0, 1, 0, 0, 1, 2
"d:\linkworld\recorder\recorder-mp\miniprogram_npm\vant-weapp\datetime-picker\index.js", "JavaScript", 0, 0, 0, 284, 0, 0, 0, 3, 1, 288
"d:\linkworld\recorder\recorder-mp\miniprogram_npm\vant-weapp\datetime-picker\index.json", "JSON", 0, 0, 6, 0, 0, 0, 0, 0, 1, 7
"d:\linkworld\recorder\recorder-mp\miniprogram_npm\vant-weapp\datetime-picker\index.wxml", "wxml", 0, 0, 0, 0, 16, 0, 0, 0, 1, 17
"d:\linkworld\recorder\recorder-mp\miniprogram_npm\vant-weapp\datetime-picker\index.wxss", "CSS", 1, 0, 0, 0, 0, 0, 0, 0, 0, 1
"d:\linkworld\recorder\recorder-mp\miniprogram_npm\vant-weapp\definitions\index.d.ts", "TypeScript", 0, 0, 0, 0, 0, 31, 0, 1, 1, 33
"d:\linkworld\recorder\recorder-mp\miniprogram_npm\vant-weapp\definitions\index.js", "JavaScript", 0, 0, 0, 0, 0, 0, 0, 0, 1, 1
"d:\linkworld\recorder\recorder-mp\miniprogram_npm\vant-weapp\definitions\weapp.d.ts", "TypeScript", 0, 0, 0, 0, 0, 59, 0, 52, 1, 112
"d:\linkworld\recorder\recorder-mp\miniprogram_npm\vant-weapp\definitions\weapp.js", "JavaScript", 0, 0, 0, 0, 0, 0, 0, 0, 1, 1
"d:\linkworld\recorder\recorder-mp\miniprogram_npm\vant-weapp\dialog\dialog.d.ts", "TypeScript", 0, 0, 0, 0, 0, 44, 0, 1, 1, 46
"d:\linkworld\recorder\recorder-mp\miniprogram_npm\vant-weapp\dialog\dialog.js", "JavaScript", 0, 0, 0, 61, 0, 0, 0, 0, 1, 62
"d:\linkworld\recorder\recorder-mp\miniprogram_npm\vant-weapp\dialog\index.d.ts", "TypeScript", 0, 0, 0, 0, 0, 1, 0, 0, 1, 2
"d:\linkworld\recorder\recorder-mp\miniprogram_npm\vant-weapp\dialog\index.js", "JavaScript", 0, 0, 0, 97, 0, 0, 0, 1, 1, 99
"d:\linkworld\recorder\recorder-mp\miniprogram_npm\vant-weapp\dialog\index.json", "JSON", 0, 0, 7, 0, 0, 0, 0, 0, 1, 8
"d:\linkworld\recorder\recorder-mp\miniprogram_npm\vant-weapp\dialog\index.wxml", "wxml", 0, 0, 0, 0, 61, 0, 0, 0, 5, 66
"d:\linkworld\recorder\recorder-mp\miniprogram_npm\vant-weapp\dialog\index.wxss", "CSS", 1, 0, 0, 0, 0, 0, 0, 0, 0, 1
"d:\linkworld\recorder\recorder-mp\miniprogram_npm\vant-weapp\field\definitions\index.d.ts", "TypeScript", 0, 0, 0, 0, 0, 31, 0, 1, 1, 33
"d:\linkworld\recorder\recorder-mp\miniprogram_npm\vant-weapp\field\definitions\index.js", "JavaScript", 0, 0, 0, 0, 0, 0, 0, 0, 1, 1
"d:\linkworld\recorder\recorder-mp\miniprogram_npm\vant-weapp\field\definitions\weapp.d.ts", "TypeScript", 0, 0, 0, 0, 0, 59, 0, 52, 1, 112
"d:\linkworld\recorder\recorder-mp\miniprogram_npm\vant-weapp\field\definitions\weapp.js", "JavaScript", 0, 0, 0, 0, 0, 0, 0, 0, 1, 1
"d:\linkworld\recorder\recorder-mp\miniprogram_npm\vant-weapp\field\index.d.ts", "TypeScript", 0, 0, 0, 0, 0, 1, 0, 0, 1, 2
"d:\linkworld\recorder\recorder-mp\miniprogram_npm\vant-weapp\field\index.js", "JavaScript", 0, 0, 0, 105, 0, 0, 0, 0, 1, 106
"d:\linkworld\recorder\recorder-mp\miniprogram_npm\vant-weapp\field\index.json", "JSON", 0, 0, 7, 0, 0, 0, 0, 0, 0, 7
"d:\linkworld\recorder\recorder-mp\miniprogram_npm\vant-weapp\field\index.wxml", "wxml", 0, 0, 0, 0, 88, 0, 0, 0, 2, 90
"d:\linkworld\recorder\recorder-mp\miniprogram_npm\vant-weapp\field\index.wxss", "CSS", 1, 0, 0, 0, 0, 0, 0, 0, 0, 1
"d:\linkworld\recorder\recorder-mp\miniprogram_npm\vant-weapp\goods-action-button\index.d.ts", "TypeScript", 0, 0, 0, 0, 0, 1, 0, 0, 1, 2
"d:\linkworld\recorder\recorder-mp\miniprogram_npm\vant-weapp\goods-action-button\index.js", "JavaScript", 0, 0, 0, 22, 0, 0, 0, 0, 1, 23
"d:\linkworld\recorder\recorder-mp\miniprogram_npm\vant-weapp\goods-action-button\index.json", "JSON", 0, 0, 6, 0, 0, 0, 0, 0, 1, 7
"d:\linkworld\recorder\recorder-mp\miniprogram_npm\vant-weapp\goods-action-button\index.wxml", "wxml", 0, 0, 0, 0, 27, 0, 0, 0, 1, 28
"d:\linkworld\recorder\recorder-mp\miniprogram_npm\vant-weapp\goods-action-button\index.wxss", "CSS", 1, 0, 0, 0, 0, 0, 0, 0, 0, 1
"d:\linkworld\recorder\recorder-mp\miniprogram_npm\vant-weapp\goods-action-icon\index.d.ts", "TypeScript", 0, 0, 0, 0, 0, 1, 0, 0, 1, 2
"d:\linkworld\recorder\recorder-mp\miniprogram_npm\vant-weapp\goods-action-icon\index.js", "JavaScript", 0, 0, 0, 21, 0, 0, 0, 0, 1, 22
"d:\linkworld\recorder\recorder-mp\miniprogram_npm\vant-weapp\goods-action-icon\index.json", "JSON", 0, 0, 7, 0, 0, 0, 0, 0, 1, 8
"d:\linkworld\recorder\recorder-mp\miniprogram_npm\vant-weapp\goods-action-icon\index.wxml", "wxml", 0, 0, 0, 0, 35, 0, 0, 0, 1, 36
"d:\linkworld\recorder\recorder-mp\miniprogram_npm\vant-weapp\goods-action-icon\index.wxss", "CSS", 1, 0, 0, 0, 0, 0, 0, 0, 0, 1
"d:\linkworld\recorder\recorder-mp\miniprogram_npm\vant-weapp\goods-action\index.d.ts", "TypeScript", 0, 0, 0, 0, 0, 1, 0, 0, 1, 2
"d:\linkworld\recorder\recorder-mp\miniprogram_npm\vant-weapp\goods-action\index.js", "JavaScript", 0, 0, 0, 5, 0, 0, 0, 0, 1, 6
"d:\linkworld\recorder\recorder-mp\miniprogram_npm\vant-weapp\goods-action\index.json", "JSON", 0, 0, 3, 0, 0, 0, 0, 0, 1, 4
"d:\linkworld\recorder\recorder-mp\miniprogram_npm\vant-weapp\goods-action\index.wxml", "wxml", 0, 0, 0, 0, 4, 0, 0, 0, 2, 6
"d:\linkworld\recorder\recorder-mp\miniprogram_npm\vant-weapp\goods-action\index.wxss", "CSS", 1, 0, 0, 0, 0, 0, 0, 0, 0, 1
"d:\linkworld\recorder\recorder-mp\miniprogram_npm\vant-weapp\icon\index.d.ts", "TypeScript", 0, 0, 0, 0, 0, 1, 0, 0, 1, 2
"d:\linkworld\recorder\recorder-mp\miniprogram_npm\vant-weapp\icon\index.js", "JavaScript", 0, 0, 0, 19, 0, 0, 0, 0, 1, 20
"d:\linkworld\recorder\recorder-mp\miniprogram_npm\vant-weapp\icon\index.json", "JSON", 0, 0, 6, 0, 0, 0, 0, 0, 1, 7
"d:\linkworld\recorder\recorder-mp\miniprogram_npm\vant-weapp\icon\index.wxml", "wxml", 0, 0, 0, 0, 18, 0, 0, 0, 2, 20
"d:\linkworld\recorder\recorder-mp\miniprogram_npm\vant-weapp\icon\index.wxss", "CSS", 1, 0, 0, 0, 0, 0, 0, 0, 0, 1
"d:\linkworld\recorder\recorder-mp\miniprogram_npm\vant-weapp\info\index.d.ts", "TypeScript", 0, 0, 0, 0, 0, 1, 0, 0, 1, 2
"d:\linkworld\recorder\recorder-mp\miniprogram_npm\vant-weapp\info\index.js", "JavaScript", 0, 0, 0, 7, 0, 0, 0, 0, 1, 8
"d:\linkworld\recorder\recorder-mp\miniprogram_npm\vant-weapp\info\index.json", "JSON", 0, 0, 3, 0, 0, 0, 0, 0, 1, 4
"d:\linkworld\recorder\recorder-mp\miniprogram_npm\vant-weapp\info\index.wxml", "wxml", 0, 0, 0, 0, 5, 0, 0, 0, 1, 6
"d:\linkworld\recorder\recorder-mp\miniprogram_npm\vant-weapp\info\index.wxss", "CSS", 1, 0, 0, 0, 0, 0, 0, 0, 0, 1
"d:\linkworld\recorder\recorder-mp\miniprogram_npm\vant-weapp\loading\index.d.ts", "TypeScript", 0, 0, 0, 0, 0, 1, 0, 0, 1, 2
"d:\linkworld\recorder\recorder-mp\miniprogram_npm\vant-weapp\loading\index.js", "JavaScript", 0, 0, 0, 17, 0, 0, 0, 0, 1, 18
"d:\linkworld\recorder\recorder-mp\miniprogram_npm\vant-weapp\loading\index.json", "JSON", 0, 0, 3, 0, 0, 0, 0, 0, 0, 3
"d:\linkworld\recorder\recorder-mp\miniprogram_npm\vant-weapp\loading\index.wxml", "wxml", 0, 0, 0, 0, 16, 0, 0, 0, 1, 17
"d:\linkworld\recorder\recorder-mp\miniprogram_npm\vant-weapp\loading\index.wxss", "CSS", 1, 0, 0, 0, 0, 0, 0, 0, 0, 1
"d:\linkworld\recorder\recorder-mp\miniprogram_npm\vant-weapp\mixins\basic.d.ts", "TypeScript", 0, 0, 0, 0, 0, 1, 0, 0, 1, 2
"d:\linkworld\recorder\recorder-mp\miniprogram_npm\vant-weapp\mixins\basic.js", "JavaScript", 0, 0, 0, 22, 0, 0, 0, 0, 1, 23
"d:\linkworld\recorder\recorder-mp\miniprogram_npm\vant-weapp\mixins\button.d.ts", "TypeScript", 0, 0, 0, 0, 0, 1, 0, 0, 1, 2
"d:\linkworld\recorder\recorder-mp\miniprogram_npm\vant-weapp\mixins\button.js", "JavaScript", 0, 0, 0, 18, 0, 0, 0, 0, 1, 19
"d:\linkworld\recorder\recorder-mp\miniprogram_npm\vant-weapp\mixins\link.d.ts", "TypeScript", 0, 0, 0, 0, 0, 1, 0, 0, 1, 2
"d:\linkworld\recorder\recorder-mp\miniprogram_npm\vant-weapp\mixins\link.js", "JavaScript", 0, 0, 0, 17, 0, 0, 0, 0, 1, 18
"d:\linkworld\recorder\recorder-mp\miniprogram_npm\vant-weapp\mixins\observer\behavior.d.ts", "TypeScript", 0, 0, 0, 0, 0, 1, 0, 0, 1, 2
"d:\linkworld\recorder\recorder-mp\miniprogram_npm\vant-weapp\mixins\observer\behavior.js", "JavaScript", 0, 0, 0, 46, 0, 0, 0, 1, 1, 48
"d:\linkworld\recorder\recorder-mp\miniprogram_npm\vant-weapp\mixins\observer\index.d.ts", "TypeScript", 0, 0, 0, 0, 0, 1, 0, 0, 1, 2
"d:\linkworld\recorder\recorder-mp\miniprogram_npm\vant-weapp\mixins\observer\index.js", "JavaScript", 0, 0, 0, 27, 0, 0, 0, 0, 1, 28
"d:\linkworld\recorder\recorder-mp\miniprogram_npm\vant-weapp\mixins\observer\props.d.ts", "TypeScript", 0, 0, 0, 0, 0, 1, 0, 0, 1, 2
"d:\linkworld\recorder\recorder-mp\miniprogram_npm\vant-weapp\mixins\observer\props.js", "JavaScript", 0, 0, 0, 22, 0, 0, 0, 0, 1, 23
"d:\linkworld\recorder\recorder-mp\miniprogram_npm\vant-weapp\mixins\open-type.d.ts", "TypeScript", 0, 0, 0, 0, 0, 1, 0, 0, 1, 2
"d:\linkworld\recorder\recorder-mp\miniprogram_npm\vant-weapp\mixins\open-type.js", "JavaScript", 0, 0, 0, 25, 0, 0, 0, 0, 1, 26
"d:\linkworld\recorder\recorder-mp\miniprogram_npm\vant-weapp\mixins\safe-area.d.ts", "TypeScript", 0, 0, 0, 0, 0, 4, 0, 0, 1, 5
"d:\linkworld\recorder\recorder-mp\miniprogram_npm\vant-weapp\mixins\safe-area.js", "JavaScript", 0, 0, 0, 39, 0, 0, 0, 0, 1, 40
"d:\linkworld\recorder\recorder-mp\miniprogram_npm\vant-weapp\mixins\touch.d.ts", "TypeScript", 0, 0, 0, 0, 0, 1, 0, 0, 1, 2
"d:\linkworld\recorder\recorder-mp\miniprogram_npm\vant-weapp\mixins\touch.js", "JavaScript", 0, 0, 0, 27, 0, 0, 0, 0, 1, 28
"d:\linkworld\recorder\recorder-mp\miniprogram_npm\vant-weapp\mixins\transition.d.ts", "TypeScript", 0, 0, 0, 0, 0, 1, 0, 0, 1, 2
"d:\linkworld\recorder\recorder-mp\miniprogram_npm\vant-weapp\mixins\transition.js", "JavaScript", 0, 0, 0, 109, 0, 0, 0, 2, 1, 112
"d:\linkworld\recorder\recorder-mp\miniprogram_npm\vant-weapp\nav-bar\index.d.ts", "TypeScript", 0, 0, 0, 0, 0, 1, 0, 0, 1, 2
"d:\linkworld\recorder\recorder-mp\miniprogram_npm\vant-weapp\nav-bar\index.js", "JavaScript", 0, 0, 0, 29, 0, 0, 0, 0, 1, 30
"d:\linkworld\recorder\recorder-mp\miniprogram_npm\vant-weapp\nav-bar\index.json", "JSON", 0, 0, 6, 0, 0, 0, 0, 0, 1, 7
"d:\linkworld\recorder\recorder-mp\miniprogram_npm\vant-weapp\nav-bar\index.wxml", "wxml", 0, 0, 0, 0, 36, 0, 0, 0, 2, 38
"d:\linkworld\recorder\recorder-mp\miniprogram_npm\vant-weapp\nav-bar\index.wxss", "CSS", 1, 0, 0, 0, 0, 0, 0, 0, 0, 1
"d:\linkworld\recorder\recorder-mp\miniprogram_npm\vant-weapp\notice-bar\index.d.ts", "TypeScript", 0, 0, 0, 0, 0, 1, 0, 0, 1, 2
"d:\linkworld\recorder\recorder-mp\miniprogram_npm\vant-weapp\notice-bar\index.js", "JavaScript", 0, 0, 0, 123, 0, 0, 0, 0, 1, 124
"d:\linkworld\recorder\recorder-mp\miniprogram_npm\vant-weapp\notice-bar\index.json", "JSON", 0, 0, 6, 0, 0, 0, 0, 0, 0, 6
"d:\linkworld\recorder\recorder-mp\miniprogram_npm\vant-weapp\notice-bar\index.wxml", "wxml", 0, 0, 0, 0, 32, 0, 0, 0, 4, 36
"d:\linkworld\recorder\recorder-mp\miniprogram_npm\vant-weapp\notice-bar\index.wxss", "CSS", 1, 0, 0, 0, 0, 0, 0, 0, 0, 1
"d:\linkworld\recorder\recorder-mp\miniprogram_npm\vant-weapp\notify\index.d.ts", "TypeScript", 0, 0, 0, 0, 0, 1, 0, 0, 1, 2
"d:\linkworld\recorder\recorder-mp\miniprogram_npm\vant-weapp\notify\index.js", "JavaScript", 0, 0, 0, 45, 0, 0, 0, 0, 1, 46
"d:\linkworld\recorder\recorder-mp\miniprogram_npm\vant-weapp\notify\index.json", "JSON", 0, 0, 6, 0, 0, 0, 0, 0, 1, 7
"d:\linkworld\recorder\recorder-mp\miniprogram_npm\vant-weapp\notify\index.wxml", "wxml", 0, 0, 0, 0, 9, 0, 0, 0, 1, 10
"d:\linkworld\recorder\recorder-mp\miniprogram_npm\vant-weapp\notify\index.wxss", "CSS", 1, 0, 0, 0, 0, 0, 0, 0, 0, 1
"d:\linkworld\recorder\recorder-mp\miniprogram_npm\vant-weapp\notify\notify.d.ts", "TypeScript", 0, 0, 0, 0, 0, 12, 0, 0, 1, 13
"d:\linkworld\recorder\recorder-mp\miniprogram_npm\vant-weapp\notify\notify.js", "JavaScript", 0, 0, 0, 26, 0, 0, 0, 0, 1, 27
"d:\linkworld\recorder\recorder-mp\miniprogram_npm\vant-weapp\overlay\index.d.ts", "TypeScript", 0, 0, 0, 0, 0, 1, 0, 0, 1, 2
"d:\linkworld\recorder\recorder-mp\miniprogram_npm\vant-weapp\overlay\index.js", "JavaScript", 0, 0, 0, 22, 0, 0, 0, 1, 1, 24
"d:\linkworld\recorder\recorder-mp\miniprogram_npm\vant-weapp\overlay\index.json", "JSON", 0, 0, 6, 0, 0, 0, 0, 0, 1, 7
"d:\linkworld\recorder\recorder-mp\miniprogram_npm\vant-weapp\overlay\index.wxml", "wxml", 0, 0, 0, 0, 8, 0, 0, 0, 1, 9
"d:\linkworld\recorder\recorder-mp\miniprogram_npm\vant-weapp\overlay\index.wxss", "CSS", 1, 0, 0, 0, 0, 0, 0, 0, 0, 1
"d:\linkworld\recorder\recorder-mp\miniprogram_npm\vant-weapp\panel\index.d.ts", "TypeScript", 0, 0, 0, 0, 0, 1, 0, 0, 1, 2
"d:\linkworld\recorder\recorder-mp\miniprogram_npm\vant-weapp\panel\index.js", "JavaScript", 0, 0, 0, 10, 0, 0, 0, 0, 1, 11
"d:\linkworld\recorder\recorder-mp\miniprogram_npm\vant-weapp\panel\index.json", "JSON", 0, 0, 6, 0, 0, 0, 0, 0, 1, 7
"d:\linkworld\recorder\recorder-mp\miniprogram_npm\vant-weapp\panel\index.wxml", "wxml", 0, 0, 0, 0, 17, 0, 0, 0, 3, 20
"d:\linkworld\recorder\recorder-mp\miniprogram_npm\vant-weapp\panel\index.wxss", "CSS", 1, 0, 0, 0, 0, 0, 0, 0, 0, 1
"d:\linkworld\recorder\recorder-mp\miniprogram_npm\vant-weapp\picker-column\index.d.ts", "TypeScript", 0, 0, 0, 0, 0, 1, 0, 0, 1, 2
"d:\linkworld\recorder\recorder-mp\miniprogram_npm\vant-weapp\picker-column\index.js", "JavaScript", 0, 0, 0, 134, 0, 0, 0, 0, 1, 135
"d:\linkworld\recorder\recorder-mp\miniprogram_npm\vant-weapp\picker-column\index.json", "JSON", 0, 0, 3, 0, 0, 0, 0, 0, 0, 3
"d:\linkworld\recorder\recorder-mp\miniprogram_npm\vant-weapp\picker-column\index.wxml", "wxml", 0, 0, 0, 0, 21, 0, 0, 0, 2, 23
"d:\linkworld\recorder\recorder-mp\miniprogram_npm\vant-weapp\picker-column\index.wxs", "XML", 0, 0, 0, 0, 0, 0, 7, 0, 2, 9
"d:\linkworld\recorder\recorder-mp\miniprogram_npm\vant-weapp\picker-column\index.wxss", "CSS", 1, 0, 0, 0, 0, 0, 0, 0, 0, 1
"d:\linkworld\recorder\recorder-mp\miniprogram_npm\vant-weapp\picker\index.d.ts", "TypeScript", 0, 0, 0, 0, 0, 1, 0, 0, 1, 2
"d:\linkworld\recorder\recorder-mp\miniprogram_npm\vant-weapp\picker\index.js", "JavaScript", 0, 0, 0, 121, 0, 0, 0, 11, 1, 133
"d:\linkworld\recorder\recorder-mp\miniprogram_npm\vant-weapp\picker\index.json", "JSON", 0, 0, 7, 0, 0, 0, 0, 0, 1, 8
"d:\linkworld\recorder\recorder-mp\miniprogram_npm\vant-weapp\picker\index.wxml", "wxml", 0, 0, 0, 0, 59, 0, 0, 0, 2, 61
"d:\linkworld\recorder\recorder-mp\miniprogram_npm\vant-weapp\picker\index.wxss", "CSS", 1, 0, 0, 0, 0, 0, 0, 0, 0, 1
"d:\linkworld\recorder\recorder-mp\miniprogram_npm\vant-weapp\picker\shared.d.ts", "TypeScript", 0, 0, 0, 0, 0, 21, 0, 0, 1, 22
"d:\linkworld\recorder\recorder-mp\miniprogram_npm\vant-weapp\picker\shared.js", "JavaScript", 0, 0, 0, 21, 0, 0, 0, 0, 1, 22
"d:\linkworld\recorder\recorder-mp\miniprogram_npm\vant-weapp\popup\index.d.ts", "TypeScript", 0, 0, 0, 0, 0, 1, 0, 0, 1, 2
"d:\linkworld\recorder\recorder-mp\miniprogram_npm\vant-weapp\popup\index.js", "JavaScript", 0, 0, 0, 60, 0, 0, 0, 0, 1, 61
"d:\linkworld\recorder\recorder-mp\miniprogram_npm\vant-weapp\popup\index.json", "JSON", 0, 0, 6, 0, 0, 0, 0, 0, 1, 7
"d:\linkworld\recorder\recorder-mp\miniprogram_npm\vant-weapp\popup\index.wxml", "wxml", 0, 0, 0, 0, 19, 0, 0, 0, 2, 21
"d:\linkworld\recorder\recorder-mp\miniprogram_npm\vant-weapp\popup\index.wxss", "CSS", 1, 0, 0, 0, 0, 0, 0, 0, 0, 1
"d:\linkworld\recorder\recorder-mp\miniprogram_npm\vant-weapp\progress\index.d.ts", "TypeScript", 0, 0, 0, 0, 0, 1, 0, 0, 1, 2
"d:\linkworld\recorder\recorder-mp\miniprogram_npm\vant-weapp\progress\index.js", "JavaScript", 0, 0, 0, 22, 0, 0, 0, 0, 1, 23
"d:\linkworld\recorder\recorder-mp\miniprogram_npm\vant-weapp\progress\index.json", "JSON", 0, 0, 3, 0, 0, 0, 0, 0, 1, 4
"d:\linkworld\recorder\recorder-mp\miniprogram_npm\vant-weapp\progress\index.wxml", "wxml", 0, 0, 0, 0, 15, 0, 0, 0, 2, 17
"d:\linkworld\recorder\recorder-mp\miniprogram_npm\vant-weapp\progress\index.wxs", "XML", 0, 0, 0, 0, 0, 0, 5, 0, 1, 6
"d:\linkworld\recorder\recorder-mp\miniprogram_npm\vant-weapp\progress\index.wxss", "CSS", 1, 0, 0, 0, 0, 0, 0, 0, 0, 1
"d:\linkworld\recorder\recorder-mp\miniprogram_npm\vant-weapp\radio-group\index.d.ts", "TypeScript", 0, 0, 0, 0, 0, 1, 0, 0, 1, 2
"d:\linkworld\recorder\recorder-mp\miniprogram_npm\vant-weapp\radio-group\index.js", "JavaScript", 0, 0, 0, 38, 0, 0, 0, 0, 1, 39
"d:\linkworld\recorder\recorder-mp\miniprogram_npm\vant-weapp\radio-group\index.json", "JSON", 0, 0, 3, 0, 0, 0, 0, 0, 1, 4
"d:\linkworld\recorder\recorder-mp\miniprogram_npm\vant-weapp\radio-group\index.wxml", "wxml", 0, 0, 0, 0, 1, 0, 0, 0, 1, 2
"d:\linkworld\recorder\recorder-mp\miniprogram_npm\vant-weapp\radio-group\index.wxss", "CSS", 1, 0, 0, 0, 0, 0, 0, 0, 0, 1
"d:\linkworld\recorder\recorder-mp\miniprogram_npm\vant-weapp\radio\index.d.ts", "TypeScript", 0, 0, 0, 0, 0, 1, 0, 0, 1, 2
"d:\linkworld\recorder\recorder-mp\miniprogram_npm\vant-weapp\radio\index.js", "JavaScript", 0, 0, 0, 47, 0, 0, 0, 0, 1, 48
"d:\linkworld\recorder\recorder-mp\miniprogram_npm\vant-weapp\radio\index.json", "JSON", 0, 0, 6, 0, 0, 0, 0, 0, 1, 7
"d:\linkworld\recorder\recorder-mp\miniprogram_npm\vant-weapp\radio\index.wxml", "wxml", 0, 0, 0, 0, 28, 0, 0, 0, 2, 30
"d:\linkworld\recorder\recorder-mp\miniprogram_npm\vant-weapp\radio\index.wxss", "CSS", 1, 0, 0, 0, 0, 0, 0, 0, 0, 1
"d:\linkworld\recorder\recorder-mp\miniprogram_npm\vant-weapp\rate\index.d.ts", "TypeScript", 0, 0, 0, 0, 0, 1, 0, 0, 1, 2
"d:\linkworld\recorder\recorder-mp\miniprogram_npm\vant-weapp\rate\index.js", "JavaScript", 0, 0, 0, 74, 0, 0, 0, 0, 1, 75
"d:\linkworld\recorder\recorder-mp\miniprogram_npm\vant-weapp\rate\index.json", "JSON", 0, 0, 6, 0, 0, 0, 0, 0, 1, 7
"d:\linkworld\recorder\recorder-mp\miniprogram_npm\vant-weapp\rate\index.wxml", "wxml", 0, 0, 0, 0, 30, 0, 0, 0, 3, 33
"d:\linkworld\recorder\recorder-mp\miniprogram_npm\vant-weapp\rate\index.wxss", "CSS", 1, 0, 0, 0, 0, 0, 0, 0, 0, 1
"d:\linkworld\recorder\recorder-mp\miniprogram_npm\vant-weapp\row\index.d.ts", "TypeScript", 0, 0, 0, 0, 0, 1, 0, 0, 1, 2
"d:\linkworld\recorder\recorder-mp\miniprogram_npm\vant-weapp\row\index.js", "JavaScript", 0, 0, 0, 36, 0, 0, 0, 0, 1, 37
"d:\linkworld\recorder\recorder-mp\miniprogram_npm\vant-weapp\row\index.json", "JSON", 0, 0, 3, 0, 0, 0, 0, 0, 1, 4
"d:\linkworld\recorder\recorder-mp\miniprogram_npm\vant-weapp\row\index.wxml", "wxml", 0, 0, 0, 0, 3, 0, 0, 0, 1, 4
"d:\linkworld\recorder\recorder-mp\miniprogram_npm\vant-weapp\row\index.wxss", "CSS", 1, 0, 0, 0, 0, 0, 0, 0, 0, 1
"d:\linkworld\recorder\recorder-mp\miniprogram_npm\vant-weapp\search\index.d.ts", "TypeScript", 0, 0, 0, 0, 0, 1, 0, 0, 1, 2
"d:\linkworld\recorder\recorder-mp\miniprogram_npm\vant-weapp\search\index.js", "JavaScript", 0, 0, 0, 58, 0, 0, 0, 4, 1, 63
"d:\linkworld\recorder\recorder-mp\miniprogram_npm\vant-weapp\search\index.json", "JSON", 0, 0, 6, 0, 0, 0, 0, 0, 1, 7
"d:\linkworld\recorder\recorder-mp\miniprogram_npm\vant-weapp\search\index.wxml", "wxml", 0, 0, 0, 0, 43, 0, 0, 0, 4, 47
"d:\linkworld\recorder\recorder-mp\miniprogram_npm\vant-weapp\search\index.wxss", "CSS", 1, 0, 0, 0, 0, 0, 0, 0, 0, 1
"d:\linkworld\recorder\recorder-mp\miniprogram_npm\vant-weapp\slider\index.d.ts", "TypeScript", 0, 0, 0, 0, 0, 1, 0, 0, 1, 2
"d:\linkworld\recorder\recorder-mp\miniprogram_npm\vant-weapp\slider\index.js", "JavaScript", 0, 0, 0, 87, 0, 0, 0, 0, 1, 88
"d:\linkworld\recorder\recorder-mp\miniprogram_npm\vant-weapp\slider\index.json", "JSON", 0, 0, 3, 0, 0, 0, 0, 0, 1, 4
"d:\linkworld\recorder\recorder-mp\miniprogram_npm\vant-weapp\slider\index.wxml", "wxml", 0, 0, 0, 0, 28, 0, 0, 0, 2, 30
"d:\linkworld\recorder\recorder-mp\miniprogram_npm\vant-weapp\slider\index.wxss", "CSS", 1, 0, 0, 0, 0, 0, 0, 0, 0, 1
"d:\linkworld\recorder\recorder-mp\miniprogram_npm\vant-weapp\stepper\index.d.ts", "TypeScript", 0, 0, 0, 0, 0, 1, 0, 0, 1, 2
"d:\linkworld\recorder\recorder-mp\miniprogram_npm\vant-weapp\stepper\index.js", "JavaScript", 0, 0, 0, 114, 0, 0, 0, 1, 1, 116
"d:\linkworld\recorder\recorder-mp\miniprogram_npm\vant-weapp\stepper\index.json", "JSON", 0, 0, 3, 0, 0, 0, 0, 0, 0, 3
"d:\linkworld\recorder\recorder-mp\miniprogram_npm\vant-weapp\stepper\index.wxml", "wxml", 0, 0, 0, 0, 28, 0, 0, 0, 2, 30
"d:\linkworld\recorder\recorder-mp\miniprogram_npm\vant-weapp\stepper\index.wxss", "CSS", 1, 0, 0, 0, 0, 0, 0, 0, 0, 1
"d:\linkworld\recorder\recorder-mp\miniprogram_npm\vant-weapp\steps\index.d.ts", "TypeScript", 0, 0, 0, 0, 0, 1, 0, 0, 1, 2
"d:\linkworld\recorder\recorder-mp\miniprogram_npm\vant-weapp\steps\index.js", "JavaScript", 0, 0, 0, 17, 0, 0, 0, 0, 1, 18
"d:\linkworld\recorder\recorder-mp\miniprogram_npm\vant-weapp\steps\index.json", "JSON", 0, 0, 6, 0, 0, 0, 0, 0, 1, 7
"d:\linkworld\recorder\recorder-mp\miniprogram_npm\vant-weapp\steps\index.wxml", "wxml", 0, 0, 0, 0, 31, 0, 0, 0, 5, 36
"d:\linkworld\recorder\recorder-mp\miniprogram_npm\vant-weapp\steps\index.wxss", "CSS", 1, 0, 0, 0, 0, 0, 0, 0, 0, 1
"d:\linkworld\recorder\recorder-mp\miniprogram_npm\vant-weapp\submit-bar\index.d.ts", "TypeScript", 0, 0, 0, 0, 0, 1, 0, 0, 1, 2
"d:\linkworld\recorder\recorder-mp\miniprogram_npm\vant-weapp\submit-bar\index.js", "JavaScript", 0, 0, 0, 55, 0, 0, 0, 0, 1, 56
"d:\linkworld\recorder\recorder-mp\miniprogram_npm\vant-weapp\submit-bar\index.json", "JSON", 0, 0, 7, 0, 0, 0, 0, 0, 1, 8
"d:\linkworld\recorder\recorder-mp\miniprogram_npm\vant-weapp\submit-bar\index.wxml", "wxml", 0, 0, 0, 0, 39, 0, 0, 0, 4, 43
"d:\linkworld\recorder\recorder-mp\miniprogram_npm\vant-weapp\submit-bar\index.wxss", "CSS", 1, 0, 0, 0, 0, 0, 0, 0, 0, 1
"d:\linkworld\recorder\recorder-mp\miniprogram_npm\vant-weapp\swipe-cell\index.d.ts", "TypeScript", 0, 0, 0, 0, 0, 1, 0, 0, 1, 2
"d:\linkworld\recorder\recorder-mp\miniprogram_npm\vant-weapp\swipe-cell\index.js", "JavaScript", 0, 0, 0, 113, 0, 0, 0, 0, 1, 114
"d:\linkworld\recorder\recorder-mp\miniprogram_npm\vant-weapp\swipe-cell\index.json", "JSON", 0, 0, 3, 0, 0, 0, 0, 0, 1, 4
"d:\linkworld\recorder\recorder-mp\miniprogram_npm\vant-weapp\swipe-cell\index.wxml", "wxml", 0, 0, 0, 0, 20, 0, 0, 0, 1, 21
"d:\linkworld\recorder\recorder-mp\miniprogram_npm\vant-weapp\swipe-cell\index.wxss", "CSS", 1, 0, 0, 0, 0, 0, 0, 0, 0, 1
"d:\linkworld\recorder\recorder-mp\miniprogram_npm\vant-weapp\switch-cell\index.d.ts", "TypeScript", 0, 0, 0, 0, 0, 1, 0, 0, 1, 2
"d:\linkworld\recorder\recorder-mp\miniprogram_npm\vant-weapp\switch-cell\index.js", "JavaScript", 0, 0, 0, 42, 0, 0, 0, 0, 1, 43
"d:\linkworld\recorder\recorder-mp\miniprogram_npm\vant-weapp\switch-cell\index.json", "JSON", 0, 0, 7, 0, 0, 0, 0, 0, 1, 8
"d:\linkworld\recorder\recorder-mp\miniprogram_npm\vant-weapp\switch-cell\index.wxml", "wxml", 0, 0, 0, 0, 25, 0, 0, 0, 1, 26
"d:\linkworld\recorder\recorder-mp\miniprogram_npm\vant-weapp\switch-cell\index.wxss", "CSS", 1, 0, 0, 0, 0, 0, 0, 0, 0, 1
"d:\linkworld\recorder\recorder-mp\miniprogram_npm\vant-weapp\switch\index.d.ts", "TypeScript", 0, 0, 0, 0, 0, 1, 0, 0, 1, 2
"d:\linkworld\recorder\recorder-mp\miniprogram_npm\vant-weapp\switch\index.js", "JavaScript", 0, 0, 0, 43, 0, 0, 0, 0, 1, 44
"d:\linkworld\recorder\recorder-mp\miniprogram_npm\vant-weapp\switch\index.json", "JSON", 0, 0, 6, 0, 0, 0, 0, 0, 1, 7
"d:\linkworld\recorder\recorder-mp\miniprogram_npm\vant-weapp\switch\index.wxml", "wxml", 0, 0, 0, 0, 10, 0, 0, 0, 2, 12
"d:\linkworld\recorder\recorder-mp\miniprogram_npm\vant-weapp\switch\index.wxss", "CSS", 1, 0, 0, 0, 0, 0, 0, 0, 0, 1
"d:\linkworld\recorder\recorder-mp\miniprogram_npm\vant-weapp\tab\index.d.ts", "TypeScript", 0, 0, 0, 0, 0, 1, 0, 0, 1, 2
"d:\linkworld\recorder\recorder-mp\miniprogram_npm\vant-weapp\tab\index.js", "JavaScript", 0, 0, 0, 35, 0, 0, 0, 0, 1, 36
"d:\linkworld\recorder\recorder-mp\miniprogram_npm\vant-weapp\tab\index.json", "JSON", 0, 0, 3, 0, 0, 0, 0, 0, 0, 3
"d:\linkworld\recorder\recorder-mp\miniprogram_npm\vant-weapp\tab\index.wxml", "wxml", 0, 0, 0, 0, 8, 0, 0, 0, 2, 10
"d:\linkworld\recorder\recorder-mp\miniprogram_npm\vant-weapp\tab\index.wxss", "CSS", 1, 0, 0, 0, 0, 0, 0, 0, 0, 1
"d:\linkworld\recorder\recorder-mp\miniprogram_npm\vant-weapp\tabbar-item\index.d.ts", "TypeScript", 0, 0, 0, 0, 0, 1, 0, 0, 1, 2
"d:\linkworld\recorder\recorder-mp\miniprogram_npm\vant-weapp\tabbar-item\index.js", "JavaScript", 0, 0, 0, 49, 0, 0, 0, 0, 1, 50
"d:\linkworld\recorder\recorder-mp\miniprogram_npm\vant-weapp\tabbar-item\index.json", "JSON", 0, 0, 7, 0, 0, 0, 0, 0, 1, 8
"d:\linkworld\recorder\recorder-mp\miniprogram_npm\vant-weapp\tabbar-item\index.wxml", "wxml", 0, 0, 0, 0, 29, 0, 0, 0, 2, 31
"d:\linkworld\recorder\recorder-mp\miniprogram_npm\vant-weapp\tabbar-item\index.wxss", "CSS", 1, 0, 0, 0, 0, 0, 0, 0, 0, 1
"d:\linkworld\recorder\recorder-mp\miniprogram_npm\vant-weapp\tabbar\index.d.ts", "TypeScript", 0, 0, 0, 0, 0, 1, 0, 0, 1, 2
"d:\linkworld\recorder\recorder-mp\miniprogram_npm\vant-weapp\tabbar\index.js", "JavaScript", 0, 0, 0, 63, 0, 0, 0, 0, 1, 64
"d:\linkworld\recorder\recorder-mp\miniprogram_npm\vant-weapp\tabbar\index.json", "JSON", 0, 0, 3, 0, 0, 0, 0, 0, 1, 4
"d:\linkworld\recorder\recorder-mp\miniprogram_npm\vant-weapp\tabbar\index.wxml", "wxml", 0, 0, 0, 0, 7, 0, 0, 0, 2, 9
"d:\linkworld\recorder\recorder-mp\miniprogram_npm\vant-weapp\tabbar\index.wxss", "CSS", 1, 0, 0, 0, 0, 0, 0, 0, 0, 1
"d:\linkworld\recorder\recorder-mp\miniprogram_npm\vant-weapp\tabs\index.d.ts", "TypeScript", 0, 0, 0, 0, 0, 1, 0, 0, 1, 2
"d:\linkworld\recorder\recorder-mp\miniprogram_npm\vant-weapp\tabs\index.js", "JavaScript", 0, 0, 0, 310, 0, 0, 0, 7, 1, 318
"d:\linkworld\recorder\recorder-mp\miniprogram_npm\vant-weapp\tabs\index.json", "JSON", 0, 0, 6, 0, 0, 0, 0, 0, 1, 7
"d:\linkworld\recorder\recorder-mp\miniprogram_npm\vant-weapp\tabs\index.wxml", "wxml", 0, 0, 0, 0, 46, 0, 0, 0, 4, 50
"d:\linkworld\recorder\recorder-mp\miniprogram_npm\vant-weapp\tabs\index.wxss", "CSS", 1, 0, 0, 0, 0, 0, 0, 0, 0, 1
"d:\linkworld\recorder\recorder-mp\miniprogram_npm\vant-weapp\tag\index.d.ts", "TypeScript", 0, 0, 0, 0, 0, 1, 0, 0, 1, 2
"d:\linkworld\recorder\recorder-mp\miniprogram_npm\vant-weapp\tag\index.js", "JavaScript", 0, 0, 0, 31, 0, 0, 0, 0, 1, 32
"d:\linkworld\recorder\recorder-mp\miniprogram_npm\vant-weapp\tag\index.json", "JSON", 0, 0, 3, 0, 0, 0, 0, 0, 0, 3
"d:\linkworld\recorder\recorder-mp\miniprogram_npm\vant-weapp\tag\index.wxml", "wxml", 0, 0, 0, 0, 7, 0, 0, 0, 2, 9
"d:\linkworld\recorder\recorder-mp\miniprogram_npm\vant-weapp\tag\index.wxss", "CSS", 1, 0, 0, 0, 0, 0, 0, 0, 0, 1
"d:\linkworld\recorder\recorder-mp\miniprogram_npm\vant-weapp\toast\index.d.ts", "TypeScript", 0, 0, 0, 0, 0, 1, 0, 0, 1, 2
"d:\linkworld\recorder\recorder-mp\miniprogram_npm\vant-weapp\toast\index.js", "JavaScript", 0, 0, 0, 28, 0, 0, 0, 1, 1, 30
"d:\linkworld\recorder\recorder-mp\miniprogram_npm\vant-weapp\toast\index.json", "JSON", 0, 0, 9, 0, 0, 0, 0, 0, 1, 10
"d:\linkworld\recorder\recorder-mp\miniprogram_npm\vant-weapp\toast\index.wxml", "wxml", 0, 0, 0, 0, 29, 0, 0, 2, 3, 34
"d:\linkworld\recorder\recorder-mp\miniprogram_npm\vant-weapp\toast\index.wxss", "CSS", 1, 0, 0, 0, 0, 0, 0, 0, 0, 1
"d:\linkworld\recorder\recorder-mp\miniprogram_npm\vant-weapp\toast\toast.d.ts", "TypeScript", 0, 0, 0, 0, 0, 25, 0, 1, 1, 27
"d:\linkworld\recorder\recorder-mp\miniprogram_npm\vant-weapp\toast\toast.js", "JavaScript", 0, 0, 0, 66, 0, 0, 0, 0, 1, 67
"d:\linkworld\recorder\recorder-mp\miniprogram_npm\vant-weapp\transition\index.d.ts", "TypeScript", 0, 0, 0, 0, 0, 1, 0, 0, 1, 2
"d:\linkworld\recorder\recorder-mp\miniprogram_npm\vant-weapp\transition\index.js", "JavaScript", 0, 0, 0, 13, 0, 0, 0, 0, 1, 14
"d:\linkworld\recorder\recorder-mp\miniprogram_npm\vant-weapp\transition\index.json", "JSON", 0, 0, 3, 0, 0, 0, 0, 0, 0, 3
"d:\linkworld\recorder\recorder-mp\miniprogram_npm\vant-weapp\transition\index.wxml", "wxml", 0, 0, 0, 0, 8, 0, 0, 0, 1, 9
"d:\linkworld\recorder\recorder-mp\miniprogram_npm\vant-weapp\transition\index.wxss", "CSS", 1, 0, 0, 0, 0, 0, 0, 0, 0, 1
"d:\linkworld\recorder\recorder-mp\miniprogram_npm\vant-weapp\tree-select\index.d.ts", "TypeScript", 0, 0, 0, 0, 0, 1, 0, 0, 1, 2
"d:\linkworld\recorder\recorder-mp\miniprogram_npm\vant-weapp\tree-select\index.js", "JavaScript", 0, 0, 0, 73, 0, 0, 0, 5, 1, 79
"d:\linkworld\recorder\recorder-mp\miniprogram_npm\vant-weapp\tree-select\index.json", "JSON", 0, 0, 6, 0, 0, 0, 0, 0, 1, 7
"d:\linkworld\recorder\recorder-mp\miniprogram_npm\vant-weapp\tree-select\index.wxml", "wxml", 0, 0, 0, 0, 39, 0, 0, 0, 2, 41
"d:\linkworld\recorder\recorder-mp\miniprogram_npm\vant-weapp\tree-select\index.wxs", "XML", 0, 0, 0, 0, 0, 0, 9, 0, 4, 13
"d:\linkworld\recorder\recorder-mp\miniprogram_npm\vant-weapp\tree-select\index.wxss", "CSS", 1, 0, 0, 0, 0, 0, 0, 0, 0, 1
"d:\linkworld\recorder\recorder-mp\miniprogram_npm\vant-weapp\wxs\array.wxs", "XML", 0, 0, 0, 0, 0, 0, 4, 0, 2, 6
"d:\linkworld\recorder\recorder-mp\miniprogram_npm\vant-weapp\wxs\bem.wxs", "XML", 0, 0, 0, 0, 0, 0, 33, 0, 6, 39
"d:\linkworld\recorder\recorder-mp\miniprogram_npm\vant-weapp\wxs\memoize.wxs", "XML", 0, 0, 0, 0, 0, 0, 45, 0, 10, 55
"d:\linkworld\recorder\recorder-mp\miniprogram_npm\vant-weapp\wxs\object.wxs", "XML", 0, 0, 0, 0, 0, 0, 11, 0, 3, 14
"d:\linkworld\recorder\recorder-mp\miniprogram_npm\vant-weapp\wxs\utils.wxs", "XML", 0, 0, 0, 0, 0, 0, 10, 0, 3, 13
"d:\linkworld\recorder\recorder-mp\package-lock.json", "JSON", 0, 0, 13, 0, 0, 0, 0, 0, 1, 14
"d:\linkworld\recorder\recorder-mp\package.json", "JSON", 0, 0, 22, 0, 0, 0, 0, 0, 1, 23
"d:\linkworld\recorder\recorder-mp\pages\enroll\enroll.js", "JavaScript", 0, 0, 0, 140, 0, 0, 0, 7, 6, 153
"d:\linkworld\recorder\recorder-mp\pages\enroll\enroll.json", "JSON", 0, 0, 4, 0, 0, 0, 0, 0, 0, 4
"d:\linkworld\recorder\recorder-mp\pages\enroll\enroll.wxml", "wxml", 0, 0, 0, 0, 24, 0, 0, 1, 0, 25
"d:\linkworld\recorder\recorder-mp\pages\enroll\enroll.wxss", "CSS", 65, 0, 0, 0, 0, 0, 0, 1, 0, 66
"d:\linkworld\recorder\recorder-mp\pages\login\login.js", "JavaScript", 0, 0, 0, 113, 0, 0, 0, 6, 2, 121
"d:\linkworld\recorder\recorder-mp\pages\login\login.json", "JSON", 0, 0, 4, 0, 0, 0, 0, 0, 0, 4
"d:\linkworld\recorder\recorder-mp\pages\login\login.wxml", "wxml", 0, 0, 0, 0, 12, 0, 0, 1, 0, 13
"d:\linkworld\recorder\recorder-mp\pages\login\login.wxss", "CSS", 63, 0, 0, 0, 0, 0, 0, 1, 0, 64
"d:\linkworld\recorder\recorder-mp\pages\record\record.js", "JavaScript", 0, 0, 0, 318, 0, 0, 0, 12, 0, 330
"d:\linkworld\recorder\recorder-mp\pages\record\record.json", "JSON", 0, 0, 6, 0, 0, 0, 0, 0, 0, 6
"d:\linkworld\recorder\recorder-mp\pages\record\record.wxml", "wxml", 0, 0, 0, 0, 28, 0, 0, 1, 1, 30
"d:\linkworld\recorder\recorder-mp\pages\record\record.wxss", "CSS", 70, 0, 0, 0, 0, 0, 0, 6, 1, 77
"d:\linkworld\recorder\recorder-mp\project.config.json", "JSON", 0, 0, 76, 0, 0, 0, 0, 0, 0, 76
"d:\linkworld\recorder\recorder-mp\project.private.config.json", "JSON", 0, 0, 41, 0, 0, 0, 0, 0, 0, 41
"d:\linkworld\recorder\recorder-mp\sitemap.json", "JSON", 0, 0, 7, 0, 0, 0, 0, 0, 0, 7
"d:\linkworld\recorder\recorder-mp\utils\util.js", "JavaScript", 0, 0, 0, 17, 0, 0, 0, 0, 4, 21
"Total", "-", 262, 6, 468, 4405, 1303, 359, 124, 199, 354, 7480